sep=,
rat,arfcn,band,pci,bsic,ncc,bcc,mcc,mnc,lac,cid,signal_dbm,rsrq,c1,c2,serving,seen,first_seen,last_seen,lat,lon
LTE,6413,B20,133,,,,,,,,-83,,,,1,1188134,2026-07-29 16:56:37,2026-07-29 17:28:14,,
LTE,100,B1,133,,,,,,,,-90,,,,1,1189618,2026-07-29 16:56:37,2026-07-29 17:28:14,,
LTE,200,B1,7,,,,,,,,-95,,,,1,1191473,2026-07-29 16:56:37,2026-07-29 17:28:14,,
LTE,200,B1,5,,,,,,,,-94,,,,1,1190731,2026-07-29 16:56:37,2026-07-29 17:28:14,,
LTE,100,B1,132,,,,,,,,-100,,,,1,1188876,2026-07-29 16:56:37,2026-07-29 17:28:14,,
LTE,6350,B20,132,,,,,,,,-112,,,,1,1185908,2026-07-29 16:56:37,2026-07-29 17:28:14,,
LTE,6350,B20,82,,,,250,2,7828,202004747,,,,,0,1185166,2026-07-29 16:56:37,2026-07-29 17:28:14,,
LTE,6350,B20,83,,,,250,2,7828,202004749,,,,,0,1185908,2026-07-29 16:56:37,2026-07-29 17:28:14,,
LTE,200,B1,466,,,,250,2,7828,199815013,,,,,0,1191473,2026-07-29 16:56:37,2026-07-29 17:28:14,,
LTE,100,B1,18,,,,250,20,20029,200013876,,,,,1,1188877,2026-07-29 16:56:37,2026-07-29 17:28:14,,
LTE,6413,B20,141,,,,250,99,3478,200009729,-82,-9,,,1,1188135,2026-07-29 16:56:37,2026-07-29 17:16:55,,
LTE,100,B1,174,,,,250,20,19719,200468789,,,,,0,1189621,2026-07-29 16:56:37,2026-07-29 17:08:13,,
LTE,200,B1,224,,,,250,2,7828,199815014,,,,,0,1190732,2026-07-29 16:56:37,2026-07-29 17:04:43,,
LTE,1275,B3,133,,,,,,,,-82,,,,1,1179243,2026-07-29 16:56:39,2026-07-29 17:28:14,,
LTE,6200,B20,132,,,,,,,,-75,,,,1,1179983,2026-07-29 16:56:39,2026-07-29 17:28:14,,
LTE,38750,B40,132,,,,,,,,-112,,,,1,1182203,2026-07-29 16:56:39,2026-07-29 17:28:14,,
LTE,38750,B40,120,,,,250,20,20029,200781857,-107,-10,,,1,1181469,2026-07-29 16:56:39,2026-07-29 17:15:28,,
LTE,38750,B40,113,,,,250,20,20029,200781856,-108,-11,,,0,1182208,2026-07-29 16:56:39,2026-07-29 17:15:28,,
LTE,6200,B20,3,,,,250,20,19719,200468819,-72,-8,,,1,1179987,2026-07-29 16:56:39,2026-07-29 17:15:21,,
LTE,1275,B3,174,,,,250,20,19719,200468749,-74,-10,,,1,1179247,2026-07-29 16:56:39,2026-07-29 17:15:34,,
LTE,3638,B8,133,,,,,,,,-70,-16,,,1,1176290,2026-07-29 16:56:41,2026-07-29 17:28:14,,
LTE,6275,B20,134,,,,,,,,-76,,,,1,1172600,2026-07-29 16:56:41,2026-07-29 17:28:14,,
LTE,1596,B3,133,,,,,,,,-85,,,,1,1175552,2026-07-29 16:56:41,2026-07-29 17:28:14,,
LTE,3200,B7,133,,,,,,,,-73,,,,1,1177766,2026-07-29 16:56:41,2026-07-29 17:28:14,,
LTE,1596,B3,135,,,,,,,,-89,,,,1,1174076,2026-07-29 16:56:41,2026-07-29 17:28:14,,
LTE,1596,B3,134,,,,,,,,-93,,,,1,1174814,2026-07-29 16:56:41,2026-07-29 17:28:14,,
LTE,6275,B20,278,,,,250,1,17806,51830536,-73,-8,,,1,1172604,2026-07-29 16:56:41,2026-07-29 17:11:26,,
LTE,1596,B3,447,,,,250,2,7828,201368779,,,,,0,1174076,2026-07-29 16:56:41,2026-07-29 17:28:14,,
LTE,3200,B7,130,,,,250,1,17806,51830530,-80,-12,,,1,1177777,2026-07-29 16:56:41,2026-07-29 17:11:26,,
LTE,3638,B8,173,,,,250,1,17806,51830556,-73,-9,,,1,1176304,2026-07-29 16:56:41,2026-07-29 17:19:52,,
LTE,1596,B3,157,,,,250,2,7828,199815113,,,,,0,1175553,2026-07-29 16:56:41,2026-07-29 17:28:14,,
LTE,1596,B3,275,,,,250,2,7828,199815114,,,,,0,1174814,2026-07-29 16:56:41,2026-07-29 17:28:14,,
LTE,3400,B7,135,,,,,,,,-81,,,,1,1169286,2026-07-29 16:56:43,2026-07-29 17:28:14,,
LTE,38100,B38,135,,,,,,,,-88,,,,1,1171494,2026-07-29 16:56:43,2026-07-29 17:28:14,,
LTE,3400,B7,468,,,,250,20,19719,200468759,-79,-10,,,1,1169289,2026-07-29 16:56:43,2026-07-29 17:15:28,,
LTE,38100,B38,455,,,,250,1,17806,51830550,-87,-11,,,1,1171500,2026-07-29 16:56:43,2026-07-29 17:16:49,,
LTE,38100,B38,391,,,,250,1,17806,51830549,-91,-11,,,0,1170763,2026-07-29 16:56:43,2026-07-29 17:12:12,,
LTE,1721,B3,132,,,,,,,,-68,,,,1,1162311,2026-07-29 16:56:45,2026-07-29 17:28:14,,
LTE,1820,B3,133,,,,,,,,-86,,,,1,1158274,2026-07-29 16:56:45,2026-07-29 17:28:14,,
LTE,525,B1,133,,,,,,,,-98,,,,1,1156072,2026-07-29 16:56:45,2026-07-29 17:28:14,,
LTE,1820,B3,134,,,,,,,,-93,,,,1,1156806,2026-07-29 16:56:45,2026-07-29 17:28:14,,
LTE,3750,B8,134,,,,,,,,-88,,,,1,1160843,2026-07-29 16:56:45,2026-07-29 17:28:14,,
LTE,1820,B3,7,,,,,,,,-89,,,,1,1157540,2026-07-29 16:56:45,2026-07-29 17:28:14,,
LTE,38948,B40,135,,,,,,,,-122,,,,1,1168183,2026-07-29 16:56:45,2026-07-29 17:28:14,,
LTE,39146,B40,132,,,,,,,,-116,,,,1,1165614,2026-07-29 16:56:45,2026-07-29 17:28:14,,
LTE,38948,B40,134,,,,,,,,-122,,,,1,1167449,2026-07-29 16:56:45,2026-07-29 17:28:14,,
LTE,39146,B40,135,,,,,,,,-118,,,,1,1164146,2026-07-29 16:56:45,2026-07-29 17:28:14,,
LTE,525,B1,182,,,,250,99,678,199992934,,,,,0,1156072,2026-07-29 16:56:45,2026-07-29 17:28:14,,
LTE,39146,B40,491,,,,250,20,19703,200774181,,,,,0,1164146,2026-07-29 16:56:45,2026-07-29 17:28:14,,
LTE,38948,B40,389,,,,250,20,19703,200774178,,,,,0,1168183,2026-07-29 16:56:45,2026-07-29 17:28:14,,
LTE,38948,B40,268,,,,250,20,20029,200781859,-115,-14,,,0,1167454,2026-07-29 16:56:45,2026-07-29 17:15:28,,
LTE,3750,B8,316,,,,250,2,7828,199815163,,,,,1,1160843,2026-07-29 16:56:45,2026-07-29 17:28:14,,
LTE,1820,B3,447,,,,250,2,7828,201368783,,,,,0,1157540,2026-07-29 16:56:45,2026-07-29 17:28:14,,
LTE,1820,B3,157,,,,250,2,7828,199815116,,,,,0,1158274,2026-07-29 16:56:45,2026-07-29 17:28:14,,
LTE,3750,B8,359,,,,250,2,7828,199815164,,,,,0,1160109,2026-07-29 16:56:45,2026-07-29 17:28:14,,
LTE,39146,B40,113,,,,250,20,20029,200781862,-120,-20,,,0,1165615,2026-07-29 16:56:45,2026-07-29 17:15:21,,
LTE,39146,B40,120,,,,250,20,20029,200781863,-113,-13,,,1,1164884,2026-07-29 16:56:45,2026-07-29 17:15:21,,
LTE,1820,B3,275,,,,250,2,7828,199815117,,,,,1,1156807,2026-07-29 16:56:45,2026-07-29 16:57:05,,
LTE,1721,B3,123,,,,250,1,17806,51830533,-69,-12,,,1,1162319,2026-07-29 16:56:45,2026-07-29 17:16:49,,
LTE,525,B1,244,,,,250,99,678,199990630,,,,,0,1154610,2026-07-29 16:56:47,2026-07-29 17:19:31,,
LTE,40740,B41,135,,,,,,,,-90,,,,1,1153145,2026-07-29 16:56:51,2026-07-29 17:28:14,,
LTE,40740,B41,455,,,,250,1,17806,51830550,-91,-15,,,1,1153147,2026-07-29 16:56:51,2026-07-29 16:59:47,,
LTE,40740,B41,391,,,,250,1,17806,51830549,-96,-14,,,0,1152417,2026-07-29 16:56:51,2026-07-29 17:16:49,,
LTE,375,B1,156,,,,250,1,17806,51830553,-77,-12,,,1,1151699,2026-07-29 16:56:53,2026-07-29 17:16:49,,
LTE,375,B1,133,,,,,,,,-75,,,,0,1151686,2026-07-29 16:56:53,2026-07-29 17:28:14,,
LTE,375,B1,94,,,,,,,,-87,-19,,,0,11,2026-07-29 16:56:53,2026-07-29 17:11:17,,
GSM,651,DCS1800,,0,0,0,,,,,-113,,,,0,1,2026-07-29 16:56:53,2026-07-29 16:56:53,,
GSM,746,DCS1800,,0,1,5,,,,,-82,,,,0,459657,2026-07-29 16:56:53,2026-07-29 16:56:53,,
GSM,745,DCS1800,,0,0,0,,,,,-85,,,,0,28459,2026-07-29 16:56:53,2026-07-29 16:56:53,,
GSM,744,DCS1800,,0,0,0,,,,,-58,,,,0,1209,2026-07-29 16:56:53,2026-07-29 16:56:53,,
GSM,743,DCS1800,,0,0,0,,,,,-41,,,,0,2449,2026-07-29 16:56:53,2026-07-29 16:56:53,,
GSM,742,DCS1800,,0,0,0,,,,,-94,,,,0,220779,2026-07-29 16:56:53,2026-07-29 16:56:53,,
GSM,738,DCS1800,,0,0,0,,,,,-70,,,,0,1381,2026-07-29 16:56:53,2026-07-29 16:56:53,,
GSM,737,DCS1800,,0,0,0,,,,,-83,,,,0,309257,2026-07-29 16:56:53,2026-07-29 16:56:53,,
GSM,25,GSM900,,0,0,0,,,,,-70,,,,0,1145,2026-07-29 16:56:53,2026-07-29 16:56:53,,
GSM,59,GSM900,,0,4,0,,,,,-69,,,,0,263608,2026-07-29 16:56:53,2026-07-29 16:56:53,,
GSM,60,GSM900,,0,0,0,,,,,-91,,,,0,226020,2026-07-29 16:56:53,2026-07-29 16:56:53,,
GSM,61,GSM900,,0,0,0,,,,,-70,,,,0,275812,2026-07-29 16:56:53,2026-07-29 16:56:53,,
GSM,62,GSM900,,0,0,0,,,,,-70,,,,0,238825,2026-07-29 16:56:53,2026-07-29 16:56:53,,
LTE,375,B1,154,,,,,,,,-81,-17,,,0,6,2026-07-29 16:56:57,2026-07-29 17:03:15,,
LTE,38750,B40,491,,,,250,20,19703,200774175,,,,,0,1109314,2026-07-29 16:57:13,2026-07-29 17:28:14,,
LTE,3300,B7,333,,,,250,99,678,199990533,,,,,0,1107178,2026-07-29 16:57:13,2026-07-29 17:28:14,,
LTE,3300,B7,144,,,,250,99,678,199992837,,,,,0,1107890,2026-07-29 16:57:13,2026-07-29 17:28:14,,
LTE,3300,B7,133,,,,,,,,-83,,,,0,1107890,2026-07-29 16:57:13,2026-07-29 17:28:14,,
LTE,3300,B7,134,,,,,,,,-91,,,,0,1107178,2026-07-29 16:57:13,2026-07-29 17:28:14,,
LTE,38750,B40,135,,,,,,,,-117,,,,0,1109314,2026-07-29 16:57:13,2026-07-29 17:28:14,,
LTE,1414,B3,175,,,,250,99,678,199990536,,,,,1,1104338,2026-07-29 16:57:13,2026-07-29 17:08:47,,
LTE,1414,B3,259,,,,250,99,678,199992840,,,,,1,1105400,2026-07-29 16:57:15,2026-07-29 17:19:58,,
LTE,3048,B7,438,,,,250,2,7828,200704257,,,,,1,1100784,2026-07-29 16:57:15,2026-07-29 17:28:14,,
LTE,1414,B3,332,,,,250,99,678,199992841,,,,,0,1103624,2026-07-29 16:57:15,2026-07-29 17:28:14,,
LTE,2850,B7,367,,,,250,2,7828,199815054,-84,-14,,,0,1101851,2026-07-29 16:57:15,2026-07-29 17:05:04,,
LTE,3048,B7,367,,,,250,2,7828,199815055,,,,,0,1100074,2026-07-29 16:57:15,2026-07-29 17:28:14,,
LTE,2850,B7,438,,,,250,2,7828,200704260,-79,-9,,,1,1102561,2026-07-29 16:57:15,2026-07-29 17:05:04,,
LTE,2850,B7,135,,,,,,,,-90,,,,0,1102559,2026-07-29 16:57:15,2026-07-29 17:28:14,,
LTE,3048,B7,135,,,,,,,,-83,,,,0,1100784,2026-07-29 16:57:15,2026-07-29 17:28:14,,
LTE,1414,B3,134,,,,,,,,-95,,,,0,1105400,2026-07-29 16:57:15,2026-07-29 17:28:14,,
LTE,2850,B7,6,,,,,,,,-92,,,,0,1101849,2026-07-29 16:57:15,2026-07-29 17:28:14,,
LTE,3048,B7,6,,,,,,,,-89,,,,0,1100074,2026-07-29 16:57:15,2026-07-29 17:28:14,,
LTE,1414,B3,133,,,,,,,,-92,,,,0,1104335,2026-07-29 16:57:15,2026-07-29 17:28:14,,
LTE,1721,B3,423,,,,,,,,-78,-16,,,0,7,2026-07-29 16:57:31,2026-07-29 17:12:39,,
LTE,1721,B3,233,,,,,,,,-86,-20,,,0,5,2026-07-29 16:57:31,2026-07-29 17:12:39,,
WCDMA,10563,B1 (2100),38,,,,250,20,19719,4487261,-69,-3,,,1,881405,2026-07-29 16:57:52,2026-07-29 17:23:25,,
GSM,4,GSM900,,18,2,2,250,2,7840,13255,-75,,9,39,0,2465,2026-07-29 16:58:45,2026-07-29 17:10:53,,
GSM,862,DCS1800,,39,4,7,250,20,20029,4723,-75,,35,35,0,2704,2026-07-29 16:58:45,2026-07-29 17:15:00,,
GSM,843,DCS1800,,43,5,3,250,2,7840,17126,-65,,25,55,0,2114,2026-07-29 16:58:45,2026-07-29 17:10:53,,
GSM,,,,,,,250,1,234,37264,,,,,0,675,2026-07-29 16:58:45,2026-07-29 17:28:14,,
GSM,871,DCS1800,,4,0,4,250,20,20029,4722,-84,,26,26,0,1002,2026-07-29 16:58:45,2026-07-29 17:14:36,,
GSM,860,DCS1800,,52,6,4,250,20,19719,813,-54,,51,81,1,38612,2026-07-29 16:58:45,2026-07-29 17:18:23,,
GSM,865,DCS1800,,24,3,0,250,20,19719,812,-81,,29,29,0,987,2026-07-29 16:58:45,2026-07-29 17:15:00,,
GSM,679,DCS1800,,46,5,6,,,,,-41,,,,0,44248,2026-07-29 16:58:45,2026-07-29 17:28:14,,
GSM,860,DCS1800,,,,,,,,,-43,,,,0,12371,2026-07-29 16:58:45,2026-07-29 17:28:14,,
GSM,667,DCS1800,,,,,,,,,-41,,,,0,6956,2026-07-29 16:58:45,2026-07-29 17:28:14,,
GSM,861,DCS1800,,,,,,,,,-50,,,,0,31945,2026-07-29 16:58:45,2026-07-29 17:28:14,,
GSM,798,DCS1800,,,,,,,,,-60,,,,0,7206,2026-07-29 16:58:45,2026-07-29 17:28:14,,
GSM,666,DCS1800,,,,,,,,,-81,,,,0,639908,2026-07-29 16:58:45,2026-07-29 17:28:14,,
GSM,873,DCS1800,,,,,,,,,-90,,,,0,3444,2026-07-29 16:58:45,2026-07-29 17:28:14,,
GSM,664,DCS1800,,,,,,,,,-93,,,,0,316997,2026-07-29 16:58:45,2026-07-29 17:28:14,,
GSM,800,DCS1800,,43,5,3,,,,,-57,,,,0,169682,2026-07-29 16:58:45,2026-07-29 17:28:14,,
GSM,796,DCS1800,,,,,,,,,-59,,,,0,2667,2026-07-29 16:58:45,2026-07-29 17:28:14,,
GSM,862,DCS1800,,39,4,7,,,,,-73,,,,0,37605,2026-07-29 16:58:45,2026-07-29 17:28:14,,
GSM,863,DCS1800,,45,5,5,,,,,-83,,,,0,32257,2026-07-29 16:58:45,2026-07-29 17:28:14,,
GSM,867,DCS1800,,4,0,4,,,,,-88,,,,0,26500,2026-07-29 16:58:45,2026-07-29 17:28:14,,
GSM,694,DCS1800,,,,,,,,,-72,,,,0,690,2026-07-29 16:58:45,2026-07-29 17:28:14,,
GSM,865,DCS1800,,24,3,0,,,,,-81,,,,0,25465,2026-07-29 16:58:45,2026-07-29 17:28:14,,
GSM,588,DCS1800,,,,,,,,,-54,,,,0,764,2026-07-29 16:58:45,2026-07-29 17:28:14,,
GSM,655,DCS1800,,62,7,6,,,,,-81,,,,0,632913,2026-07-29 16:58:45,2026-07-29 16:59:14,,
GSM,872,DCS1800,,6,0,6,,,,,-82,,,,0,14409,2026-07-29 16:58:45,2026-07-29 17:28:14,,
GSM,871,DCS1800,,7,0,7,,,,,-85,,,,0,24269,2026-07-29 16:58:45,2026-07-29 17:28:14,,
GSM,868,DCS1800,,,,,,,,,-93,,,,0,3506,2026-07-29 16:58:45,2026-07-29 17:28:14,,
GSM,802,DCS1800,,,,,,,,,-70,,,,0,15240,2026-07-29 16:58:45,2026-07-29 17:28:14,,
GSM,841,DCS1800,,,,,,,,,-41,,,,0,11322,2026-07-29 16:58:45,2026-07-29 17:28:14,,
GSM,857,DCS1800,,,,,,,,,-70,,,,0,4789,2026-07-29 16:58:45,2026-07-29 17:28:14,,
GSM,1019,GSM900,,47,5,7,250,2,7840,27983,-54,,56,56,0,2582,2026-07-29 16:58:47,2026-07-29 17:10:53,,
GSM,,,,,,,250,1,105,17504,,,,,0,344,2026-07-29 16:58:47,2026-07-29 17:28:14,,
GSM,,,,,,,250,2,7840,3142,,,,,0,972,2026-07-29 16:58:47,2026-07-29 17:28:14,,
GSM,,,,,,,250,20,19703,21123,,,,,0,676,2026-07-29 16:58:47,2026-07-29 17:28:14,,
GSM,1019,GSM900,,41,5,1,250,1,234,24635,-64,,46,46,1,31397,2026-07-29 16:58:47,2026-07-29 17:22:33,,
GSM,71,GSM900,,,,,,,,,-32,,,,0,4910,2026-07-29 16:58:47,2026-07-29 17:28:14,,
GSM,1019,GSM900,,11,1,3,,,,,-49,,,,0,806247,2026-07-29 16:58:47,2026-07-29 17:28:14,,
GSM,4,GSM900,,47,5,7,,,,,-51,,,,0,176572,2026-07-29 16:58:47,2026-07-29 17:28:14,,
GSM,69,GSM900,,49,6,1,,,,,-71,,,,0,14971,2026-07-29 16:58:47,2026-07-29 17:28:14,,
GSM,81,GSM900,,32,4,0,,,,,-67,,,,0,15913,2026-07-29 16:58:47,2026-07-29 17:28:14,,
GSM,661,DCS1800,,,,,,,,,-70,,,,0,2084,2026-07-29 16:58:47,2026-07-29 17:28:14,,
GSM,840,DCS1800,,,,,,,,,-70,,,,0,12586,2026-07-29 16:58:47,2026-07-29 17:28:14,,
GSM,657,DCS1800,,,,,,,,,-41,,,,0,4636,2026-07-29 16:58:47,2026-07-29 17:28:14,,
GSM,663,DCS1800,,,,,,,,,-83,,,,0,2690,2026-07-29 16:58:47,2026-07-29 17:28:14,,
GSM,660,DCS1800,,,,,,,,,-91,,,,0,1124,2026-07-29 16:58:47,2026-07-29 17:28:14,,
GSM,677,DCS1800,,,,,,,,,-41,,,,0,2652,2026-07-29 16:58:47,2026-07-29 17:28:14,,
GSM,883,DCS1800,,,,,,,,,-91,,,,0,1034,2026-07-29 16:58:47,2026-07-29 17:28:14,,
GSM,,,,,,,250,1,234,24631,,,,,0,510,2026-07-29 16:58:49,2026-07-29 17:28:14,,
GSM,,,,,,,250,99,14757,11195,,,,,0,1117,2026-07-29 16:58:49,2026-07-29 17:28:14,,
GSM,,,,,,,250,2,7840,640,,,,,0,727,2026-07-29 16:58:49,2026-07-29 17:28:14,,
GSM,,,,,,,250,2,7840,5695,,,,,0,944,2026-07-29 16:58:49,2026-07-29 17:28:14,,
GSM,,,,,,,250,2,47885,695,,,,,0,999,2026-07-29 16:58:49,2026-07-29 17:28:14,,
GSM,1019,GSM900,,58,7,2,250,1,234,29741,-54,,51,51,0,2028,2026-07-29 16:58:49,2026-07-29 17:22:33,,
GSM,,,,,,,250,99,14757,12887,,,,,0,1338,2026-07-29 16:58:49,2026-07-29 17:28:14,,
GSM,,,,,,,250,2,47885,692,,,,,0,1841,2026-07-29 16:58:49,2026-07-29 17:28:14,,
GSM,81,GSM900,,49,6,1,250,99,14757,12227,-65,,44,44,0,1442,2026-07-29 16:58:49,2026-07-29 17:28:14,,
GSM,,,,,,,250,2,47885,29069,,,,,0,843,2026-07-29 16:58:49,2026-07-29 17:28:14,,
GSM,17,GSM900,,58,7,2,250,2,7840,12040,-77,,,,0,1530,2026-07-29 16:58:49,2026-07-29 17:10:53,,
GSM,5,GSM900,,,,,,,,,-59,,,,0,162134,2026-07-29 16:58:49,2026-07-29 17:28:14,,
GSM,87,GSM900,,,,,,,,,-81,,,,0,6800,2026-07-29 16:58:49,2026-07-29 17:28:14,,
GSM,21,GSM900,,21,2,5,,,,,-62,,,,0,153255,2026-07-29 16:58:49,2026-07-29 17:28:14,,
GSM,97,GSM900,,,,,,,,,-69,,,,0,686,2026-07-29 16:58:49,2026-07-29 17:28:14,,
GSM,64,GSM900,,58,7,2,,,,,-68,,,,0,612821,2026-07-29 16:58:49,2026-07-29 17:28:14,,
GSM,30,GSM900,,,,,,,,,-73,,,,0,2032,2026-07-29 16:58:49,2026-07-29 17:28:14,,
GSM,76,GSM900,,,,,,,,,-77,,,,0,6501,2026-07-29 16:58:49,2026-07-29 17:28:14,,
GSM,79,GSM900,,,,,,,,,-85,,,,0,3112,2026-07-29 16:58:49,2026-07-29 17:28:14,,
GSM,12,GSM900,,,,,,,,,-70,,,,0,5442,2026-07-29 16:58:49,2026-07-29 17:28:14,,
GSM,2,GSM900,,,,,,,,,-70,,,,0,4042,2026-07-29 16:58:49,2026-07-29 17:28:14,,
GSM,1016,GSM900,,29,3,5,,,,,-70,,,,0,544683,2026-07-29 16:58:49,2026-07-29 17:22:33,,
GSM,9,GSM900,,,,,,,,,-70,,,,0,13743,2026-07-29 16:58:49,2026-07-29 17:28:14,,
GSM,7,GSM900,,,,,,,,,-70,,,,0,11926,2026-07-29 16:58:49,2026-07-29 17:28:14,,
GSM,85,GSM900,,,,,,,,,-94,,,,0,3903,2026-07-29 16:58:49,2026-07-29 17:28:14,,
GSM,83,GSM900,,,,,,,,,-90,,,,0,4836,2026-07-29 16:58:49,2026-07-29 17:28:14,,
GSM,1023,GSM900,,,,,,,,,-70,,,,0,402095,2026-07-29 16:58:49,2026-07-29 17:28:14,,
GSM,74,GSM900,,,,,,,,,-92,,,,0,4862,2026-07-29 16:58:49,2026-07-29 17:28:14,,
GSM,19,GSM900,,,,,,,,,-70,,,,0,11467,2026-07-29 16:58:49,2026-07-29 17:28:14,,
GSM,17,GSM900,,58,7,2,,,,,-70,,,,0,151638,2026-07-29 16:58:49,2026-07-29 17:28:14,,
GSM,16,GSM900,,,,,,,,,-70,,,,0,8777,2026-07-29 16:58:49,2026-07-29 17:28:14,,
GSM,11,GSM900,,,,,,,,,-70,,,,0,13812,2026-07-29 16:58:49,2026-07-29 17:28:14,,
GSM,31,GSM900,,,,,,,,,-75,,,,0,2092,2026-07-29 16:58:49,2026-07-29 17:28:14,,
GSM,78,GSM900,,31,3,7,,,,,-76,,,,0,6711,2026-07-29 16:58:49,2026-07-29 17:28:14,,
GSM,23,GSM900,,,,,,,,,-70,,,,0,10502,2026-07-29 16:58:49,2026-07-29 17:28:14,,
GSM,13,GSM900,,,,,,,,,-70,,,,0,9489,2026-07-29 16:58:49,2026-07-29 17:28:14,,
GSM,,,,,,,250,2,7840,638,,,,,0,1734,2026-07-29 16:58:51,2026-07-29 17:28:14,,
GSM,1008,GSM900,,,,,,,,,-73,,,,0,684,2026-07-29 16:58:51,2026-07-29 17:28:14,,
GSM,236,GSM850,,,,,,,,,-73,,,,0,898,2026-07-29 16:58:53,2026-07-29 17:28:14,,
GSM,581,DCS1800,,,,,,,,,-70,,,,0,1922,2026-07-29 16:58:53,2026-07-29 17:28:14,,
GSM,537,DCS1800,,,,,,,,,-73,,,,0,682,2026-07-29 16:58:53,2026-07-29 17:28:14,,
GSM,206,GSM850,,,,,,,,,-73,,,,0,682,2026-07-29 16:58:53,2026-07-29 17:28:14,,
GSM,810,DCS1800,,,,,,,,,-59,,,,0,1450,2026-07-29 16:58:53,2026-07-29 17:28:14,,
GSM,693,DCS1800,,,,,,,,,-73,,,,0,682,2026-07-29 16:58:53,2026-07-29 17:28:14,,
GSM,513,DCS1800,,,,,,,,,-73,,,,0,1240,2026-07-29 16:58:53,2026-07-29 17:28:14,,
GSM,692,DCS1800,,,,,,,,,-73,,,,0,682,2026-07-29 16:58:53,2026-07-29 17:28:14,,
GSM,171,GSM850,,,,,,,,,-73,,,,0,682,2026-07-29 16:58:53,2026-07-29 17:28:14,,
GSM,768,DCS1800,,,,,,,,,-73,,,,0,682,2026-07-29 16:58:53,2026-07-29 17:28:14,,
GSM,750,DCS1800,,,,,,,,,-73,,,,0,898,2026-07-29 16:58:53,2026-07-29 17:28:14,,
GSM,226,GSM850,,,,,,,,,-73,,,,0,682,2026-07-29 16:58:53,2026-07-29 17:28:14,,
GSM,626,DCS1800,,,,,,,,,-73,,,,0,682,2026-07-29 16:58:53,2026-07-29 17:28:14,,
GSM,161,GSM850,,,,,,,,,-73,,,,0,682,2026-07-29 16:58:53,2026-07-29 17:28:14,,
GSM,229,GSM850,,,,,,,,,-73,,,,0,682,2026-07-29 16:58:53,2026-07-29 17:28:14,,
GSM,623,DCS1800,,,,,,,,,-73,,,,0,682,2026-07-29 16:58:53,2026-07-29 17:28:14,,
GSM,988,GSM900,,,,,,,,,-73,,,,0,1242,2026-07-29 16:58:53,2026-07-29 17:28:14,,
GSM,26,GSM900,,,,,,,,,-70,,,,0,1034,2026-07-29 16:58:53,2026-07-29 17:28:14,,
GSM,151,GSM850,,,,,,,,,-70,,,,0,1610,2026-07-29 16:58:53,2026-07-29 17:28:14,,
GSM,239,GSM850,,,,,,,,,-73,,,,0,682,2026-07-29 16:58:53,2026-07-29 17:28:14,,
GSM,671,DCS1800,,,,,,,,,-73,,,,0,682,2026-07-29 16:58:53,2026-07-29 17:28:14,,
GSM,162,GSM850,,,,,,,,,-70,,,,0,1610,2026-07-29 16:58:53,2026-07-29 17:28:14,,
GSM,771,DCS1800,,,,,,,,,-73,,,,0,682,2026-07-29 16:58:53,2026-07-29 17:28:14,,
GSM,553,DCS1800,,,,,,,,,-73,,,,0,682,2026-07-29 16:58:53,2026-07-29 17:28:14,,
GSM,575,DCS1800,,,,,,,,,-73,,,,0,682,2026-07-29 16:58:53,2026-07-29 17:28:14,,
GSM,980,GSM900,,,,,,,,,-73,,,,0,682,2026-07-29 16:58:53,2026-07-29 17:28:14,,
GSM,986,GSM900,,,,,,,,,-73,,,,0,1458,2026-07-29 16:58:53,2026-07-29 17:28:14,,
GSM,191,GSM850,,,,,,,,,-73,,,,0,682,2026-07-29 16:58:53,2026-07-29 17:28:14,,
GSM,212,GSM850,,,,,,,,,-73,,,,0,898,2026-07-29 16:58:53,2026-07-29 17:28:14,,
GSM,566,DCS1800,,,,,,,,,-73,,,,0,682,2026-07-29 16:58:53,2026-07-29 17:28:14,,
GSM,770,DCS1800,,,,,,,,,-73,,,,0,682,2026-07-29 16:58:53,2026-07-29 17:28:14,,
GSM,1019,GSM900,,11,1,3,250,1,234,24633,-55,,,,0,1269,2026-07-29 16:59:01,2026-07-29 17:22:33,,
GSM,798,DCS1800,,33,4,1,250,2,7840,12064,-63,,22,52,1,173793,2026-07-29 16:59:01,2026-07-29 17:06:58,,
GSM,843,DCS1800,,18,2,2,,,,,-40,,,,0,169451,2026-07-29 16:59:01,2026-07-29 17:28:14,,
GSM,679,DCS1800,,53,6,5,250,1,234,24636,-39,,62,50,1,824560,2026-07-29 16:59:07,2026-07-29 17:22:33,,
GSM,1020,GSM900,,,,,,,,,-70,,,,0,721341,2026-07-29 16:59:09,2026-07-29 17:28:14,,
GSM,1018,GSM900,,,,,,,,,-71,,,,0,585859,2026-07-29 16:59:09,2026-07-29 17:28:14,,
GSM,656,DCS1800,,,,,,,,,-93,,,,0,267897,2026-07-29 16:59:09,2026-07-29 17:28:14,,
GSM,1021,GSM900,,,,,,,,,-92,,,,0,242986,2026-07-29 16:59:09,2026-07-29 17:28:14,,
GSM,1022,GSM900,,,,,,,,,-87,,,,0,241356,2026-07-29 16:59:09,2026-07-29 17:28:14,,
GSM,654,DCS1800,,,,,,,,,-94,,,,0,204749,2026-07-29 16:59:09,2026-07-29 17:28:14,,
GSM,680,DCS1800,,,,,,,,,-58,,,,0,708381,2026-07-29 16:59:09,2026-07-29 17:28:14,,
GSM,,,,,,,250,2,7840,23137,,,,,0,1469,2026-07-29 16:59:15,2026-07-29 17:28:14,,
GSM,876,DCS1800,,,,,,,,,-41,,,,0,664,2026-07-29 16:59:15,2026-07-29 17:28:14,,
GSM,673,DCS1800,,,,,,,,,-41,,,,0,1686,2026-07-29 16:59:15,2026-07-29 17:28:14,,
GSM,753,DCS1800,,,,,,,,,-57,,,,0,664,2026-07-29 16:59:15,2026-07-29 17:28:14,,
GSM,749,DCS1800,,,,,,,,,-58,,,,0,1828,2026-07-29 16:59:15,2026-07-29 17:28:14,,
GSM,874,DCS1800,,,,,,,,,-70,,,,0,5201,2026-07-29 16:59:15,2026-07-29 17:28:14,,
GSM,,,,,,,250,20,20029,4721,,,,,0,999,2026-07-29 16:59:17,2026-07-29 17:28:14,,
GSM,,,,,,,250,1,234,24634,,,,,0,331,2026-07-29 16:59:17,2026-07-29 17:28:14,,
GSM,658,DCS1800,,,,,,,,,-41,,,,0,1502,2026-07-29 16:59:17,2026-07-29 17:28:14,,
GSM,741,DCS1800,,,,,,,,,-70,,,,0,2356,2026-07-29 16:59:17,2026-07-29 17:28:14,,
GSM,659,DCS1800,,,,,,,,,-96,,,,0,27923,2026-07-29 16:59:17,2026-07-29 17:28:14,,
GSM,669,DCS1800,,,,,,,,,-58,,,,0,3714,2026-07-29 16:59:17,2026-07-29 17:28:14,,
GSM,21,GSM900,,21,2,5,250,2,7840,22122,-74,,16,16,0,1055,2026-07-29 16:59:19,2026-07-29 17:10:53,,
GSM,,,,,,,250,2,47885,694,,,,,0,1178,2026-07-29 16:59:19,2026-07-29 17:28:14,,
GSM,,,,,,,250,99,14757,12225,,,,,0,721,2026-07-29 16:59:19,2026-07-29 17:28:14,,
GSM,33,GSM900,,,,,,,,,-64,,,,0,1360,2026-07-29 16:59:19,2026-07-29 17:28:14,,
GSM,68,GSM900,,,,,,,,,-78,,,,0,660,2026-07-29 16:59:19,2026-07-29 17:28:14,,
GSM,1,GSM900,,,,,,,,,-70,,,,0,1574,2026-07-29 16:59:19,2026-07-29 17:28:14,,
GSM,,,,,,,250,1,234,29742,,,,,0,329,2026-07-29 16:59:21,2026-07-29 17:28:14,,
GSM,57,GSM900,,,,,,,,,-75,,,,0,658,2026-07-29 16:59:21,2026-07-29 17:28:14,,
GSM,995,GSM900,,,,,,,,,-75,,,,0,658,2026-07-29 16:59:21,2026-07-29 17:28:14,,
GSM,18,GSM900,,,,,,,,,-75,,,,0,658,2026-07-29 16:59:21,2026-07-29 17:28:14,,
GSM,985,GSM900,,,,,,,,,-75,,,,0,658,2026-07-29 16:59:21,2026-07-29 17:28:14,,
GSM,1006,GSM900,,,,,,,,,-75,,,,0,746,2026-07-29 16:59:21,2026-07-29 17:28:14,,
GSM,999,GSM900,,,,,,,,,-75,,,,0,658,2026-07-29 16:59:21,2026-07-29 17:28:14,,
GSM,,,,0,0,0,,,,,-55,,,,1,3,2026-07-29 16:59:21,2026-07-29 17:15:18,,
GSM,134,GSM850,,,,,,,,,-75,,,,0,656,2026-07-29 16:59:23,2026-07-29 17:28:14,,
GSM,157,GSM850,,,,,,,,,-75,,,,0,656,2026-07-29 16:59:23,2026-07-29 17:28:14,,
GSM,223,GSM850,,,,,,,,,-75,,,,0,1214,2026-07-29 16:59:23,2026-07-29 17:28:14,,
GSM,733,DCS1800,,,,,,,,,-75,,,,0,872,2026-07-29 16:59:23,2026-07-29 17:28:14,,
GSM,210,GSM850,,,,,,,,,-75,,,,0,656,2026-07-29 16:59:23,2026-07-29 17:28:14,,
GSM,639,DCS1800,,,,,,,,,-75,,,,0,656,2026-07-29 16:59:23,2026-07-29 17:28:14,,
GSM,650,DCS1800,,,,,,,,,-70,,,,0,2048,2026-07-29 16:59:23,2026-07-29 17:28:14,,
GSM,643,DCS1800,,,,,,,,,-75,,,,0,656,2026-07-29 16:59:23,2026-07-29 17:28:14,,
GSM,241,GSM850,,,,,,,,,-75,,,,0,1316,2026-07-29 16:59:23,2026-07-29 17:28:14,,
GSM,776,DCS1800,,,,,,,,,-75,,,,0,656,2026-07-29 16:59:23,2026-07-29 17:28:14,,
GSM,759,DCS1800,,,,,,,,,-75,,,,0,656,2026-07-29 16:59:23,2026-07-29 17:28:14,,
GSM,762,DCS1800,,,,,,,,,-75,,,,0,656,2026-07-29 16:59:23,2026-07-29 17:28:14,,
GSM,132,GSM850,,,,,,,,,-75,,,,0,656,2026-07-29 16:59:23,2026-07-29 17:28:14,,
GSM,523,DCS1800,,,,,,,,,-75,,,,0,656,2026-07-29 16:59:23,2026-07-29 17:28:14,,
GSM,872,DCS1800,,6,0,6,250,20,19719,811,-83,,,,0,1113,2026-07-29 16:59:31,2026-07-29 17:15:00,,
GSM,82,GSM900,,,,,,,,,-70,,,,0,1222,2026-07-29 16:59:33,2026-07-29 17:28:14,,
GSM,844,DCS1800,,,,,,,,,-60,,,,0,11595,2026-07-29 16:59:48,2026-07-29 17:28:14,,
GSM,589,DCS1800,,,,,,,,,-60,,,,0,5150,2026-07-29 16:59:48,2026-07-29 17:28:14,,
GSM,820,DCS1800,,,,,,,,,-76,,,,0,638,2026-07-29 16:59:48,2026-07-29 17:28:14,,
LTE,3200,B7,92,,,,,,,,-85,-19,,,0,6,2026-07-29 16:59:48,2026-07-29 17:11:02,,
LTE,6275,B20,133,,,,250,1,17806,51830535,-95,-16,,,0,532612,2026-07-29 17:00:11,2026-07-29 17:11:26,,
LTE,1596,B3,445,,,,250,2,47885,202086600,,,,,0,919658,2026-07-29 17:00:19,2026-07-29 17:16:34,,
LTE,3048,B7,398,,,,250,2,7828,199815057,,,,,0,917779,2026-07-29 17:00:19,2026-07-29 17:28:14,,
LTE,3048,B7,7,,,,,,,,-98,,,,0,917778,2026-07-29 17:00:19,2026-07-29 17:28:14,,
LTE,6200,B20,331,,,,250,20,20029,200013907,-87,-20,,,0,908742,2026-07-29 17:00:23,2026-07-29 17:12:45,,
LTE,200,B1,184,,,,250,2,7828,201368677,,,,,0,911851,2026-07-29 17:00:23,2026-07-29 17:28:14,,
LTE,6200,B20,134,,,,,,,,-93,,,,0,908741,2026-07-29 17:00:23,2026-07-29 17:28:14,,
LTE,100,B1,216,,,,250,20,20029,199800885,,,,,0,905325,2026-07-29 17:00:26,2026-07-29 17:28:14,,
LTE,38948,B40,346,,,,250,20,20029,200968227,-121,-19,,,0,892964,2026-07-29 17:00:30,2026-07-29 17:15:28,,
LTE,3750,B8,63,,,,250,2,47885,202086650,-96,-17,,,1,883754,2026-07-29 17:00:34,2026-07-29 17:08:41,,
LTE,3750,B8,64,,,,250,2,47885,202086651,,,,,0,883140,2026-07-29 17:00:34,2026-07-29 17:28:14,,
LTE,3750,B8,132,,,,,,,,-97,,,,0,883752,2026-07-29 17:00:34,2026-07-29 17:28:14,,
LTE,375,B1,93,,,,,,,,-92,-20,,,0,2,2026-07-29 17:00:38,2026-07-29 17:07:28,,
LTE,375,B1,327,,,,,,,,-84,-19,,,0,1,2026-07-29 17:00:38,2026-07-29 17:00:38,,
LTE,375,B1,438,,,,,,,,-92,-20,,,0,2,2026-07-29 17:00:38,2026-07-29 17:11:17,,
LTE,525,B1,130,,,,250,99,678,199992935,,,,,0,858330,2026-07-29 17:00:57,2026-07-29 17:28:14,,
GSM,515,DCS1800,,,,,,,,,-61,,,,0,842,2026-07-29 17:02:33,2026-07-29 17:28:14,,
GSM,625,DCS1800,,,,,,,,,-64,,,,0,566,2026-07-29 17:02:33,2026-07-29 17:28:14,,
GSM,582,DCS1800,,,,,,,,,-65,,,,0,916,2026-07-29 17:02:33,2026-07-29 17:28:14,,
GSM,,,,,,,250,1,234,37266,,,,,0,282,2026-07-29 17:02:35,2026-07-29 17:28:14,,
GSM,670,DCS1800,,,,,,,,,-70,,,,0,922,2026-07-29 17:02:35,2026-07-29 17:28:14,,
GSM,740,DCS1800,,,,,,,,,-70,,,,0,2972,2026-07-29 17:02:35,2026-07-29 17:28:14,,
GSM,662,DCS1800,,,,,,,,,-77,,,,0,2141,2026-07-29 17:02:35,2026-07-29 17:28:14,,
GSM,,,,,,,250,2,47885,691,,,,,0,799,2026-07-29 17:02:37,2026-07-29 17:28:14,,
GSM,,,,,,,250,99,14757,12136,,,,,0,1185,2026-07-29 17:02:37,2026-07-29 17:28:14,,
GSM,88,GSM900,,,,,,,,,-68,,,,0,562,2026-07-29 17:02:37,2026-07-29 17:28:14,,
GSM,113,GSM900,,,,,,,,,-74,,,,0,562,2026-07-29 17:02:37,2026-07-29 17:28:14,,
GSM,880,DCS1800,,,,,,,,,-92,,,,0,1124,2026-07-29 17:02:37,2026-07-29 17:28:14,,
GSM,59,GSM900,,32,4,0,250,1,234,36581,-73,,,,0,625,2026-07-29 17:02:39,2026-07-29 17:22:33,,
GSM,,,,,,,250,2,7840,12991,,,,,0,598,2026-07-29 17:02:39,2026-07-29 17:28:14,,
GSM,78,GSM900,,,,,250,99,14757,11196,-76,,33,33,0,889,2026-07-29 17:02:39,2026-07-29 17:28:14,,
GSM,27,GSM900,,,,,,,,,-77,,,,0,1120,2026-07-29 17:02:39,2026-07-29 17:28:14,,
GSM,29,GSM900,,,,,,,,,-70,,,,0,1560,2026-07-29 17:02:39,2026-07-29 17:28:14,,
GSM,15,GSM900,,,,,,,,,-70,,,,0,1556,2026-07-29 17:02:39,2026-07-29 17:28:14,,
GSM,124,GSM900,,,,,,,,,-77,,,,0,864,2026-07-29 17:02:39,2026-07-29 17:28:14,,
GSM,987,GSM900,,,,,,,,,-77,,,,0,560,2026-07-29 17:02:39,2026-07-29 17:28:14,,
GSM,998,GSM900,,,,,,,,,-77,,,,0,560,2026-07-29 17:02:39,2026-07-29 17:28:14,,
GSM,172,GSM850,,,,,,,,,-77,,,,0,558,2026-07-29 17:02:43,2026-07-29 17:28:14,,
GSM,207,GSM850,,,,,,,,,-77,,,,0,558,2026-07-29 17:02:43,2026-07-29 17:28:14,,
GSM,231,GSM850,,,,,,,,,-77,,,,0,558,2026-07-29 17:02:43,2026-07-29 17:28:14,,
GSM,203,GSM850,,,,,,,,,-77,,,,0,558,2026-07-29 17:02:43,2026-07-29 17:28:14,,
GSM,805,DCS1800,,,,,,,,,-77,,,,0,646,2026-07-29 17:02:43,2026-07-29 17:28:14,,
GSM,149,GSM850,,,,,,,,,-77,,,,0,558,2026-07-29 17:02:43,2026-07-29 17:28:14,,
GSM,140,GSM850,,,,,,,,,-77,,,,0,558,2026-07-29 17:02:43,2026-07-29 17:28:14,,
GSM,644,DCS1800,,,,,,,,,-77,,,,0,558,2026-07-29 17:02:43,2026-07-29 17:28:14,,
GSM,183,GSM850,,,,,,,,,-77,,,,0,558,2026-07-29 17:02:43,2026-07-29 17:28:14,,
GSM,775,DCS1800,,,,,,,,,-77,,,,0,558,2026-07-29 17:02:43,2026-07-29 17:28:14,,
GSM,791,DCS1800,,,,,,,,,-77,,,,0,558,2026-07-29 17:02:43,2026-07-29 17:28:14,,
GSM,748,DCS1800,,,,,,,,,-77,,,,0,558,2026-07-29 17:02:43,2026-07-29 17:28:14,,
GSM,782,DCS1800,,,,,,,,,-77,,,,0,558,2026-07-29 17:02:43,2026-07-29 17:28:14,,
GSM,219,GSM850,,,,,,,,,-77,,,,0,558,2026-07-29 17:02:43,2026-07-29 17:28:14,,
GSM,517,DCS1800,,,,,,,,,-77,,,,0,558,2026-07-29 17:02:43,2026-07-29 17:28:14,,
GSM,156,GSM850,,,,,,,,,-77,,,,0,558,2026-07-29 17:02:43,2026-07-29 17:28:14,,
GSM,530,DCS1800,,,,,,,,,-77,,,,0,558,2026-07-29 17:02:43,2026-07-29 17:28:14,,
GSM,547,DCS1800,,,,,,,,,-73,,,,0,870,2026-07-29 17:02:43,2026-07-29 17:28:14,,
GSM,561,DCS1800,,,,,,,,,-77,,,,0,1116,2026-07-29 17:02:43,2026-07-29 17:28:14,,
GSM,222,GSM850,,,,,,,,,-70,,,,0,1124,2026-07-29 17:02:43,2026-07-29 17:28:14,,
LTE,3638,B8,430,,,,,,,,-83,-20,,,0,4,2026-07-29 17:03:37,2026-07-29 17:19:52,,
LTE,2850,B7,398,,,,250,2,7828,199815056,,,,,0,525997,2026-07-29 17:04:40,2026-07-29 17:28:14,,
LTE,2850,B7,7,,,,,,,,-99,,,,0,525996,2026-07-29 17:04:40,2026-07-29 17:28:14,,
WCDMA,10687,B1 (2100),398,,,,250,2,7840,8097645,-77,-10,,,1,196192,2026-07-29 17:05:38,2026-07-29 17:06:13,,
WCDMA,10687,B1 (2100),376,,,,250,2,7840,8118351,-80,-12,,,0,486122,2026-07-29 17:05:54,2026-07-29 17:09:35,,
GSM,71,GSM900,,12,1,4,250,99,14757,12226,-55,,50,50,1,10991,2026-07-29 17:06:14,2026-07-29 17:18:38,,
GSM,72,GSM900,,,,,,,,,-57,,,,0,468,2026-07-29 17:06:14,2026-07-29 17:28:14,,
GSM,77,GSM900,,,,,,,,,-70,,,,0,466,2026-07-29 17:06:16,2026-07-29 17:28:14,,
GSM,20,GSM900,,,,,,,,,-70,,,,0,556,2026-07-29 17:06:16,2026-07-29 17:28:14,,
GSM,665,DCS1800,,,,,,,,,-59,,,,0,2046,2026-07-29 17:06:26,2026-07-29 17:28:14,,
GSM,606,DCS1800,,,,,,,,,-66,,,,0,1146,2026-07-29 17:06:26,2026-07-29 17:28:14,,
GSM,198,GSM850,,,,,,,,,-70,,,,0,928,2026-07-29 17:06:26,2026-07-29 17:28:14,,
GSM,758,DCS1800,,,,,,,,,-70,,,,0,928,2026-07-29 17:06:26,2026-07-29 17:28:14,,
GSM,560,DCS1800,,,,,,,,,-70,,,,0,928,2026-07-29 17:06:26,2026-07-29 17:28:14,,
GSM,225,GSM850,,,,,,,,,-70,,,,0,928,2026-07-29 17:06:26,2026-07-29 17:28:14,,
GSM,1002,GSM900,,,,,,,,,-70,,,,0,928,2026-07-29 17:06:26,2026-07-29 17:28:14,,
GSM,552,DCS1800,,,,,,,,,-70,,,,0,928,2026-07-29 17:06:26,2026-07-29 17:28:14,,
GSM,526,DCS1800,,,,,,,,,-70,,,,0,928,2026-07-29 17:06:26,2026-07-29 17:28:14,,
GSM,806,DCS1800,,,,,,,,,-70,,,,0,1264,2026-07-29 17:06:26,2026-07-29 17:28:14,,
GSM,534,DCS1800,,,,,,,,,-70,,,,0,928,2026-07-29 17:06:26,2026-07-29 17:28:14,,
GSM,997,GSM900,,,,,,,,,-70,,,,0,1144,2026-07-29 17:06:26,2026-07-29 17:28:14,,
GSM,99,GSM900,,,,,,,,,-70,,,,0,928,2026-07-29 17:06:26,2026-07-29 17:28:14,,
GSM,761,DCS1800,,,,,,,,,-70,,,,0,1016,2026-07-29 17:06:26,2026-07-29 17:28:14,,
GSM,797,DCS1800,,,,,,,,,-70,,,,0,1146,2026-07-29 17:06:26,2026-07-29 17:28:14,,
GSM,990,GSM900,,,,,,,,,-70,,,,0,928,2026-07-29 17:06:26,2026-07-29 17:28:14,,
GSM,201,GSM850,,,,,,,,,-70,,,,0,928,2026-07-29 17:06:26,2026-07-29 17:28:14,,
GSM,186,GSM850,,,,,,,,,-70,,,,0,928,2026-07-29 17:06:26,2026-07-29 17:28:14,,
GSM,795,DCS1800,,,,,,,,,-70,,,,0,928,2026-07-29 17:06:26,2026-07-29 17:28:14,,
GSM,593,DCS1800,,,,,,,,,-66,,,,0,1146,2026-07-29 17:06:26,2026-07-29 17:28:14,,
GSM,67,GSM900,,,,,,,,,-68,,,,0,2268,2026-07-29 17:06:26,2026-07-29 17:28:14,,
GSM,710,DCS1800,,,,,,,,,-70,,,,0,1016,2026-07-29 17:06:26,2026-07-29 17:28:14,,
GSM,630,DCS1800,,,,,,,,,-70,,,,0,1392,2026-07-29 17:06:26,2026-07-29 17:28:14,,
GSM,214,GSM850,,,,,,,,,-70,,,,0,928,2026-07-29 17:06:26,2026-07-29 17:28:14,,
GSM,532,DCS1800,,,,,,,,,-70,,,,0,928,2026-07-29 17:06:26,2026-07-29 17:28:14,,
GSM,245,GSM850,,,,,,,,,-70,,,,0,1278,2026-07-29 17:06:26,2026-07-29 17:28:14,,
GSM,145,GSM850,,,,,,,,,-70,,,,0,928,2026-07-29 17:06:26,2026-07-29 17:28:14,,
GSM,14,GSM900,,,,,,,,,-70,,,,0,5298,2026-07-29 17:06:42,2026-07-29 17:28:14,,
GSM,842,DCS1800,,,,,,,,,-80,,,,0,12673,2026-07-29 17:06:42,2026-07-29 17:28:14,,
GSM,801,DCS1800,,,,,,,,,-81,,,,0,13217,2026-07-29 17:06:42,2026-07-29 17:28:14,,
LTE,525,B1,474,,,,250,99,3478,200009829,,,,,1,2443,2026-07-29 17:07:40,2026-07-29 17:07:40,,
LTE,3400,B7,107,,,,,,,,-112,-19,,,0,4,2026-07-29 17:07:42,2026-07-29 17:15:28,,
LTE,39146,B40,17,,,,250,20,20029,200968230,-120,-20,,,0,369304,2026-07-29 17:07:44,2026-07-29 17:12:45,,
LTE,1275,B3,216,,,,250,20,20029,199800845,-89,-20,,,1,191296,2026-07-29 17:07:46,2026-07-29 17:15:34,,
LTE,38750,B40,17,,,,250,20,20029,200968224,-115,-15,,,0,346568,2026-07-29 17:08:13,2026-07-29 17:12:45,,
LTE,3300,B7,77,,,,250,99,678,199992838,,,,,0,336577,2026-07-29 17:08:14,2026-07-29 17:12:24,,
LTE,3300,B7,132,,,,,,,,-102,,,,0,336576,2026-07-29 17:08:14,2026-07-29 17:28:14,,
LTE,6350,B20,159,,,,,,,,,,,,0,2,2026-07-29 17:08:20,2026-07-29 17:12:30,,
GSM,863,DCS1800,,45,5,5,250,20,20029,13042,-77,,,,0,625,2026-07-29 17:09:58,2026-07-29 17:15:00,,
GSM,751,DCS1800,,,,,,,,,-65,,,,0,360,2026-07-29 17:09:58,2026-07-29 17:28:14,,
GSM,,,,,,,250,1,105,11744,,,,,0,179,2026-07-29 17:10:00,2026-07-29 17:28:14,,
GSM,,,,,,,250,1,234,37265,,,,,0,179,2026-07-29 17:10:00,2026-07-29 17:28:14,,
GSM,,,,,,,250,2,7840,12063,,,,,0,569,2026-07-29 17:10:00,2026-07-29 17:28:14,,
GSM,879,DCS1800,,,,,,,,,-70,,,,0,358,2026-07-29 17:10:00,2026-07-29 17:28:14,,
GSM,81,GSM900,,32,4,0,250,99,14757,12885,-69,,,,0,601,2026-07-29 17:10:02,2026-07-29 17:28:14,,
GSM,,,,,,,250,1,234,62537,,,,,0,178,2026-07-29 17:10:02,2026-07-29 17:28:14,,
GSM,,,,,,,250,1,234,36582,,,,,0,177,2026-07-29 17:10:04,2026-07-29 17:28:14,,
GSM,983,GSM900,,,,,,,,,-70,,,,0,354,2026-07-29 17:10:04,2026-07-29 17:28:14,,
GSM,10,GSM900,,,,,,,,,-70,,,,0,910,2026-07-29 17:10:04,2026-07-29 17:28:14,,
GSM,144,GSM850,,,,,,,,,-70,,,,0,350,2026-07-29 17:10:08,2026-07-29 17:28:14,,
GSM,590,DCS1800,,,,,,,,,-72,,,,0,6445,2026-07-29 17:10:08,2026-07-29 17:28:14,,
GSM,546,DCS1800,,,,,,,,,-70,,,,0,680,2026-07-29 17:10:08,2026-07-29 17:28:14,,
GSM,545,DCS1800,,,,,,,,,-70,,,,0,350,2026-07-29 17:10:08,2026-07-29 17:28:14,,
GSM,147,GSM850,,,,,,,,,-70,,,,0,350,2026-07-29 17:10:08,2026-07-29 17:28:14,,
GSM,544,DCS1800,,,,,,,,,-70,,,,0,350,2026-07-29 17:10:08,2026-07-29 17:28:14,,
GSM,574,DCS1800,,,,,,,,,-70,,,,0,350,2026-07-29 17:10:08,2026-07-29 17:28:14,,
GSM,739,DCS1800,,,,,,,,,-70,,,,0,984,2026-07-29 17:10:08,2026-07-29 17:28:14,,
GSM,778,DCS1800,,,,,,,,,-70,,,,0,350,2026-07-29 17:10:08,2026-07-29 17:28:14,,
GSM,543,DCS1800,,,,,,,,,-70,,,,0,350,2026-07-29 17:10:08,2026-07-29 17:28:14,,
GSM,752,DCS1800,,,,,,,,,-70,,,,0,350,2026-07-29 17:10:08,2026-07-29 17:28:14,,
GSM,531,DCS1800,,,,,,,,,-70,,,,0,350,2026-07-29 17:10:08,2026-07-29 17:28:14,,
GSM,,,,,,,250,20,19703,12741,,,,,0,174,2026-07-29 17:10:10,2026-07-29 17:28:14,,
GSM,864,DCS1800,,,,,,,,,-87,,,,0,3202,2026-07-29 17:10:10,2026-07-29 17:28:14,,
GSM,,,,,,,250,1,234,24632,,,,,0,172,2026-07-29 17:10:14,2026-07-29 17:28:14,,
GSM,22,GSM900,,,,,,,,,-77,,,,0,836,2026-07-29 17:10:14,2026-07-29 17:28:14,,
GSM,8,GSM900,,,,,,,,,-85,,,,0,996,2026-07-29 17:10:22,2026-07-29 17:28:14,,
GSM,779,DCS1800,,,,,,,,,-52,,,,0,340,2026-07-29 17:10:26,2026-07-29 17:28:14,,
GSM,520,DCS1800,,,,,,,,,-59,,,,0,340,2026-07-29 17:10:26,2026-07-29 17:28:14,,
GSM,,,,,,,250,20,19703,25501,,,,,0,169,2026-07-29 17:10:28,2026-07-29 17:28:14,,
GSM,871,DCS1800,,7,0,7,250,20,20029,20321,-85,,,,0,479,2026-07-29 17:10:28,2026-07-29 17:15:00,,
GSM,636,DCS1800,,,,,,,,,-67,,,,0,338,2026-07-29 17:10:28,2026-07-29 17:28:14,,
GSM,649,DCS1800,,,,,,,,,-75,,,,0,5375,2026-07-29 17:10:28,2026-07-29 17:28:14,,
GSM,675,DCS1800,,,,,,,,,-41,,,,0,958,2026-07-29 17:10:28,2026-07-29 17:28:14,,
GSM,91,GSM900,,,,,,,,,-70,,,,0,336,2026-07-29 17:10:30,2026-07-29 17:28:14,,
GSM,118,GSM900,,,,,,,,,-76,,,,0,334,2026-07-29 17:10:32,2026-07-29 17:28:14,,
GSM,39,GSM900,,,,,,,,,-81,,,,0,334,2026-07-29 17:10:32,2026-07-29 17:28:14,,
GSM,,,,,,,250,1,234,11843,,,,,0,166,2026-07-29 17:10:34,2026-07-29 17:28:14,,
GSM,232,GSM850,,,,,,,,,-85,,,,0,546,2026-07-29 17:10:36,2026-07-29 17:28:14,,
GSM,1004,GSM900,,,,,,,,,-85,,,,0,330,2026-07-29 17:10:36,2026-07-29 17:28:14,,
GSM,227,GSM850,,,,,,,,,-85,,,,0,660,2026-07-29 17:10:36,2026-07-29 17:28:14,,
GSM,230,GSM850,,,,,,,,,-85,,,,0,660,2026-07-29 17:10:36,2026-07-29 17:28:14,,
GSM,783,DCS1800,,,,,,,,,-85,,,,0,330,2026-07-29 17:10:36,2026-07-29 17:28:14,,
GSM,548,DCS1800,,,,,,,,,-85,,,,0,330,2026-07-29 17:10:36,2026-07-29 17:28:14,,
GSM,678,DCS1800,,,,,,,,,-75,,,,0,418,2026-07-29 17:10:36,2026-07-29 17:28:14,,
GSM,573,DCS1800,,,,,,,,,-85,,,,0,330,2026-07-29 17:10:36,2026-07-29 17:28:14,,
GSM,540,DCS1800,,,,,,,,,-85,,,,0,330,2026-07-29 17:10:36,2026-07-29 17:28:14,,
GSM,554,DCS1800,,,,,,,,,-85,,,,0,330,2026-07-29 17:10:36,2026-07-29 17:28:14,,
GSM,525,DCS1800,,,,,,,,,-85,,,,0,330,2026-07-29 17:10:36,2026-07-29 17:28:14,,
GSM,519,DCS1800,,,,,,,,,-85,,,,0,546,2026-07-29 17:10:36,2026-07-29 17:28:14,,
GSM,160,GSM850,,,,,,,,,-85,,,,0,330,2026-07-29 17:10:36,2026-07-29 17:28:14,,
GSM,,,,,,,250,2,7840,12987,,,,,0,160,2026-07-29 17:10:47,2026-07-29 17:28:14,,
GSM,652,DCS1800,,,,,,,,,-50,,,,0,408,2026-07-29 17:11:02,2026-07-29 17:28:14,,
GSM,558,DCS1800,,,,,,,,,-73,,,,0,400,2026-07-29 17:11:02,2026-07-29 17:28:14,,
LTE,1596,B3,271,,,,,,,,,,,,0,1,2026-07-29 17:11:55,2026-07-29 17:11:55,,
LTE,1275,B3,18,,,,250,20,20029,200013836,,,,,0,191563,2026-07-29 17:12:19,2026-07-29 17:12:18,,
LTE,1275,B3,132,,,,,,,,-102,,,,0,191562,2026-07-29 17:12:19,2026-07-29 17:28:14,,
LTE,38948,B40,77,,,,250,20,20029,200781860,,,,,0,188496,2026-07-29 17:12:21,2026-07-29 17:28:14,,
LTE,38948,B40,132,,,,,,,,-126,,,,0,188496,2026-07-29 17:12:21,2026-07-29 17:28:14,,
WCDMA,10563,B1 (2100),5,,,,250,20,20029,4499490,-77,-12,,,0,171853,2026-07-29 17:13:22,2026-07-29 17:23:31,,
GSM,,,,,,,250,1,234,24806,,,,,0,112,2026-07-29 17:13:53,2026-07-29 17:28:14,,
GSM,,,,,,,250,1,234,11845,,,,,0,160,2026-07-29 17:13:53,2026-07-29 17:28:14,,
GSM,869,DCS1800,,,,,,,,,-100,,,,0,1038,2026-07-29 17:13:53,2026-07-29 17:28:14,,
GSM,,,,,,,250,99,14757,12886,,,,,0,111,2026-07-29 17:13:55,2026-07-29 17:28:14,,
GSM,1017,GSM900,,,,,,,,,-70,,,,0,222,2026-07-29 17:13:55,2026-07-29 17:28:14,,
GSM,,,,,,,250,2,7840,16370,,,,,0,110,2026-07-29 17:13:57,2026-07-29 17:28:14,,
GSM,663,DCS1800,,18,2,2,250,1,234,2106,-96,,9,39,1,2547,2026-07-29 17:13:59,2026-07-29 17:14:06,,
GSM,604,DCS1800,,,,,,,,,-67,,,,0,218,2026-07-29 17:13:59,2026-07-29 17:28:14,,
GSM,564,DCS1800,,,,,,,,,-74,,,,0,218,2026-07-29 17:13:59,2026-07-29 17:28:14,,
GSM,877,DCS1800,,,,,,,,,-83,,,,0,402,2026-07-29 17:13:59,2026-07-29 17:28:14,,
GSM,96,GSM900,,,,,,,,,-70,,,,0,216,2026-07-29 17:14:03,2026-07-29 17:28:14,,
GSM,177,GSM850,,,,,,,,,-92,,,,0,216,2026-07-29 17:14:03,2026-07-29 17:28:14,,
GSM,200,GSM850,,,,,,,,,-92,,,,0,216,2026-07-29 17:14:03,2026-07-29 17:28:14,,
GSM,180,GSM850,,,,,,,,,-92,,,,0,216,2026-07-29 17:14:03,2026-07-29 17:28:14,,
GSM,216,GSM850,,,,,,,,,-92,,,,0,216,2026-07-29 17:14:03,2026-07-29 17:28:14,,
GSM,196,GSM850,,,,,,,,,-92,,,,0,216,2026-07-29 17:14:03,2026-07-29 17:28:14,,
GSM,128,GSM850,,,,,,,,,-92,,,,0,216,2026-07-29 17:14:03,2026-07-29 17:28:14,,
GSM,240,GSM850,,,,,,,,,-92,,,,0,216,2026-07-29 17:14:03,2026-07-29 17:28:14,,
GSM,760,DCS1800,,,,,,,,,-92,,,,0,216,2026-07-29 17:14:03,2026-07-29 17:28:14,,
GSM,785,DCS1800,,,,,,,,,-92,,,,0,216,2026-07-29 17:14:03,2026-07-29 17:28:14,,
GSM,616,DCS1800,,,,,,,,,-92,,,,0,216,2026-07-29 17:14:03,2026-07-29 17:28:14,,
GSM,790,DCS1800,,,,,,,,,-92,,,,0,216,2026-07-29 17:14:03,2026-07-29 17:28:14,,
GSM,747,DCS1800,,,,,,,,,-92,,,,0,216,2026-07-29 17:14:03,2026-07-29 17:28:14,,
GSM,555,DCS1800,,,,,,,,,-92,,,,0,216,2026-07-29 17:14:03,2026-07-29 17:28:14,,
GSM,542,DCS1800,,,,,,,,,-92,,,,0,216,2026-07-29 17:14:03,2026-07-29 17:28:14,,
GSM,234,GSM850,,,,,,,,,-92,,,,0,216,2026-07-29 17:14:03,2026-07-29 17:28:14,,
GSM,732,DCS1800,,,,,,,,,-92,,,,0,216,2026-07-29 17:14:03,2026-07-29 17:28:14,,
GSM,994,GSM900,,,,,,,,,-92,,,,0,216,2026-07-29 17:14:03,2026-07-29 17:28:14,,
GSM,202,GSM850,,,,,,,,,-92,,,,0,216,2026-07-29 17:14:03,2026-07-29 17:28:14,,
GSM,136,GSM850,,,,,,,,,-92,,,,0,216,2026-07-29 17:14:03,2026-07-29 17:28:14,,
GSM,251,GSM850,,,,,,,,,-92,,,,0,216,2026-07-29 17:14:03,2026-07-29 17:28:14,,
GSM,981,GSM900,,,,,,,,,-92,,,,0,216,2026-07-29 17:14:03,2026-07-29 17:28:14,,
GSM,173,GSM850,,,,,,,,,-92,,,,0,216,2026-07-29 17:14:03,2026-07-29 17:28:14,,
GSM,866,DCS1800,,,,,,,,,-95,,,,0,1630,2026-07-29 17:14:21,2026-07-29 17:28:14,,
GSM,870,DCS1800,,,,,,,,,-100,,,,0,1120,2026-07-29 17:14:21,2026-07-29 17:28:14,,
LTE,39146,B40,339,,,,,,,,-119,-20,,,0,1,2026-07-29 17:15:20,2026-07-29 17:15:21,,
LTE,3400,B7,27,,,,,,,,-84,,,,0,40348,2026-07-29 17:15:22,2026-07-29 17:28:14,,
LTE,3400,B7,327,,,,,,,,-109,-18,,,0,3,2026-07-29 17:15:22,2026-07-29 17:15:28,,
LTE,3638,B8,342,,,,,,,,,,,,0,1,2026-07-29 17:16:28,2026-07-29 17:16:28,,
LTE,200,B1,91,,,,,,,,,,,,0,1,2026-07-29 17:16:36,2026-07-29 17:16:37,,
WCDMA,10563,B1 (2100),404,,,,,,,,-91,-20,,,0,18909,2026-07-29 17:17:49,2026-07-29 17:17:50,,
WCDMA,10563,B1 (2100),121,,,,,,,,-93,-23,,,0,18858,2026-07-29 17:17:49,2026-07-29 17:17:50,,
WCDMA,10563,B1 (2100),176,,,,,,,,-93,-22,,,0,18807,2026-07-29 17:17:49,2026-07-29 17:17:50,,
GSM,598,DCS1800,,,,,,,,,-59,,,,0,96,2026-07-29 17:18:07,2026-07-29 17:28:14,,
GSM,,,,,,,250,1,234,31825,,,,,0,47,2026-07-29 17:18:09,2026-07-29 17:28:14,,
GSM,672,DCS1800,,,,,,,,,-83,,,,0,94,2026-07-29 17:18:09,2026-07-29 17:28:14,,
GSM,653,DCS1800,,,,,,,,,-85,,,,0,94,2026-07-29 17:18:09,2026-07-29 17:28:14,,
GSM,668,DCS1800,,,,,,,,,-87,,,,0,94,2026-07-29 17:18:09,2026-07-29 17:28:14,,
GSM,674,DCS1800,,,,,,,,,-89,,,,0,184,2026-07-29 17:18:11,2026-07-29 17:28:14,,
GSM,247,GSM850,,,,,,,,,-81,,,,0,88,2026-07-29 17:18:15,2026-07-29 17:28:14,,
GSM,249,GSM850,,,,,,,,,-81,,,,0,176,2026-07-29 17:18:15,2026-07-29 17:28:14,,
GSM,521,DCS1800,,,,,,,,,-81,,,,0,88,2026-07-29 17:18:15,2026-07-29 17:28:14,,
GSM,611,DCS1800,,,,,,,,,-81,,,,0,88,2026-07-29 17:18:15,2026-07-29 17:28:14,,
GSM,237,GSM850,,,,,,,,,-81,,,,0,88,2026-07-29 17:18:15,2026-07-29 17:28:14,,
GSM,700,DCS1800,,,,,,,,,-81,,,,0,88,2026-07-29 17:18:15,2026-07-29 17:28:14,,
GSM,533,DCS1800,,,,,,,,,-81,,,,0,88,2026-07-29 17:18:15,2026-07-29 17:28:14,,
GSM,735,DCS1800,,,,,,,,,-81,,,,0,88,2026-07-29 17:18:15,2026-07-29 17:28:14,,
GSM,135,GSM850,,,,,,,,,-81,,,,0,88,2026-07-29 17:18:15,2026-07-29 17:28:14,,
GSM,577,DCS1800,,,,,,,,,-81,,,,0,88,2026-07-29 17:18:15,2026-07-29 17:28:14,,
GSM,984,GSM900,,,,,,,,,-81,,,,0,88,2026-07-29 17:18:15,2026-07-29 17:28:14,,
GSM,188,GSM850,,,,,,,,,-81,,,,0,88,2026-07-29 17:18:15,2026-07-29 17:28:14,,
GSM,736,DCS1800,,,,,,,,,-81,,,,0,88,2026-07-29 17:18:15,2026-07-29 17:28:14,,
GSM,516,DCS1800,,,,,,,,,-81,,,,0,88,2026-07-29 17:18:15,2026-07-29 17:28:14,,
GSM,572,DCS1800,,,,,,,,,-81,,,,0,88,2026-07-29 17:18:15,2026-07-29 17:28:14,,
GSM,569,DCS1800,,,,,,,,,-81,,,,0,88,2026-07-29 17:18:15,2026-07-29 17:28:14,,
GSM,70,GSM900,,,,,,,,,-108,,,,0,3497,2026-07-29 17:18:37,2026-07-29 17:28:14,,
GSM,645,DCS1800,,,,,,,,,-74,,,,0,7498,2026-07-29 17:18:37,2026-07-29 17:28:14,,
GSM,647,DCS1800,,,,,,,,,-76,,,,0,4974,2026-07-29 17:18:37,2026-07-29 17:28:14,,
GSM,587,DCS1800,,,,,,,,,-81,,,,0,1342,2026-07-29 17:18:37,2026-07-29 17:28:14,,
GSM,591,DCS1800,,,,,,,,,-68,,,,0,4289,2026-07-29 17:18:37,2026-07-29 17:28:14,,
GSM,80,GSM900,,,,,,,,,-86,,,,0,916,2026-07-29 17:18:37,2026-07-29 17:28:14,,
GSM,73,GSM900,,,,,,,,,-92,,,,0,669,2026-07-29 17:18:37,2026-07-29 17:28:14,,
GSM,86,GSM900,,,,,,,,,-96,,,,0,457,2026-07-29 17:18:37,2026-07-29 17:28:14,,
LTE,525,B1,135,,,,,,,,-103,,,,0,2442,2026-07-29 17:19:31,2026-07-29 17:28:14,,
LTE,1414,B3,207,,,,250,99,3478,200009735,,,,,0,129,2026-07-29 17:20:18,2026-07-29 17:28:14,,
LTE,525,B1,31,,,,,,,,-104,,,,0,249,2026-07-29 17:20:18,2026-07-29 17:28:14,,
GSM,739,DCS1800,,0,0,0,,,,,-113,,,,0,1,2026-07-29 16:56:02,2026-07-29 16:56:02,,
GSM,681,DCS1800,,0,0,0,,,,,-113,,,,0,1,2026-07-29 16:56:02,2026-07-29 16:56:02,,
GSM,64,GSM900,,0,0,0,,,,,-113,,,,0,1,2026-07-29 16:56:02,2026-07-29 16:56:02,,
GSM,1016,GSM900,,0,0,0,,,,,-113,,,,0,1,2026-07-29 16:56:02,2026-07-29 16:56:02,,
GSM,1017,GSM900,,0,0,0,,,,,-113,,,,0,1,2026-07-29 16:56:02,2026-07-29 16:56:02,,
GSM,1018,GSM900,,0,0,0,,,,,-113,,,,0,1,2026-07-29 16:56:02,2026-07-29 16:56:02,,
GSM,1019,GSM900,,0,0,0,,,,,-113,,,,0,1,2026-07-29 16:56:02,2026-07-29 16:56:02,,
GSM,1020,GSM900,,0,0,0,,,,,-113,,,,0,1,2026-07-29 16:56:02,2026-07-29 16:56:02,,
LTE,38100,B38,315,,,,,,,,-94,-16,,,0,1,2026-07-29 16:59:59,2026-07-29 17:00:02,,
LTE,38100,B38,452,,,,,,,,-108,-20,,,0,1,2026-07-29 17:11:14,2026-07-29 17:11:17,,
